Date,handbook.datalad.org,docs.datalad.org
20.12.2022,19027,6407
05.01.2023,18649,
06.01.2023,18641,
11.01.2023,18706,
16.01.2023,18457,6109
20.01.2023,18319,5934
02.02.2023,17897,5745
06.02.2023,18028,5745
09.02.2023,18061,5628
13.02.2023,18390,5555
23.02.2023,19356,
20.03.2023,21335,6195
04.04.2023,23056,6249
19.04.2023,24121,
24.04.2023,24770,6664
28.04.2023,24701,6916
04.05.2023,25025,7198
11.05.2023,24693,7200
15.05.2023,24652,7197
22.05.2023,25287,7513
26.05.2023,25228,
30.05.2023,24976,7263
01.06.2023,24772,7234
05.06.2023,24871,7276
14.06.2023,24376,6806
20.06.2023,23942,6897
30.06.2023,23425,6780
04.07.2023,23172,6807
